#station_name;Bredene/Nukkerbrug/Noordede
#station_no;IMC_IOW31
#stationparameter_name;EC
#parametertype_name;EC
#ts_name;DagGem
#ts_unitname;microsiemens per centimeter
#rows;510
#Timestamp;Value;Quality Code;Absolute Value;AV Quality Code
2023-01-01T00:00:00.000+01:00;1494,03;130;;
2023-01-02T00:00:00.000+01:00;1130,02;130;;
2023-01-03T00:00:00.000+01:00;1182,69;130;;
2023-01-04T00:00:00.000+01:00;1251,39;130;;
2023-01-05T00:00:00.000+01:00;1317,50;130;;
2023-01-06T00:00:00.000+01:00;1375,20;130;;
2023-01-07T00:00:00.000+01:00;1513,18;130;;
2023-01-08T00:00:00.000+01:00;1625,51;130;;
2023-01-09T00:00:00.000+01:00;1812,53;130;;
2023-01-10T00:00:00.000+01:00;1777,87;130;;
2023-01-11T00:00:00.000+01:00;1961,27;130;;
2023-01-12T00:00:00.000+01:00;1890,82;130;;
2023-01-13T00:00:00.000+01:00;1107,74;130;;
2023-01-14T00:00:00.000+01:00;962,73;130;;
2023-01-15T00:00:00.000+01:00;1017,11;130;;
2023-01-16T00:00:00.000+01:00;965,80;130;;
2023-01-17T00:00:00.000+01:00;704,16;130;;
2023-01-18T00:00:00.000+01:00;618,64;130;;
2023-01-19T00:00:00.000+01:00;697,70;130;;
2023-01-20T00:00:00.000+01:00;811,19;130;;
2023-01-21T00:00:00.000+01:00;957,21;130;;
2023-01-22T00:00:00.000+01:00;1061,68;130;;
2023-01-23T00:00:00.000+01:00;1118,68;130;;
2023-01-24T00:00:00.000+01:00;1444,85;130;;
2023-01-25T00:00:00.000+01:00;1690,88;130;;
2023-01-26T00:00:00.000+01:00;2359,39;130;;
2023-01-27T00:00:00.000+01:00;2046,37;130;;
2023-01-28T00:00:00.000+01:00;1913,51;130;;
2023-01-29T00:00:00.000+01:00;1878,69;130;;
2023-01-30T00:00:00.000+01:00;2392,84;130;;
2023-01-31T00:00:00.000+01:00;2406,57;130;;
2023-02-01T00:00:00.000+01:00;2125,66;130;;
2023-02-02T00:00:00.000+01:00;2233,48;130;;
2023-02-03T00:00:00.000+01:00;2607,53;130;;
2023-02-04T00:00:00.000+01:00;2899,97;130;;
2023-02-05T00:00:00.000+01:00;3051,61;130;;
2023-02-06T00:00:00.000+01:00;2723,06;130;;
2023-02-07T00:00:00.000+01:00;2448,23;130;;
2023-02-08T00:00:00.000+01:00;2404,04;130;;
2023-02-09T00:00:00.000+01:00;2591,48;130;;
2023-02-10T00:00:00.000+01:00;2494,61;130;;
2023-02-11T00:00:00.000+01:00;2685,28;130;;
2023-02-12T00:00:00.000+01:00;2767,81;130;;
2023-02-13T00:00:00.000+01:00;2866,60;130;;
2023-02-14T00:00:00.000+01:00;2868,96;130;;
2023-02-15T00:00:00.000+01:00;2528,99;130;;
2023-02-16T00:00:00.000+01:00;2794,39;130;;
2023-02-17T00:00:00.000+01:00;3076,62;130;;
2023-02-18T00:00:00.000+01:00;3456,41;130;;
2023-02-19T00:00:00.000+01:00;3734,75;130;;
2023-02-20T00:00:00.000+01:00;3722,71;130;;
2023-02-21T00:00:00.000+01:00;3777,92;130;;
2023-02-22T00:00:00.000+01:00;3225,22;130;;
2023-02-23T00:00:00.000+01:00;3294,92;130;;
2023-02-24T00:00:00.000+01:00;3501,93;130;;
2023-02-25T00:00:00.000+01:00;3525,70;130;;
2023-02-26T00:00:00.000+01:00;3251,36;130;;
2023-02-27T00:00:00.000+01:00;3226,89;130;;
2023-02-28T00:00:00.000+01:00;3133,54;130;;
2023-03-01T00:00:00.000+01:00;3097,20;130;;
2023-03-02T00:00:00.000+01:00;2942,42;130;;
2023-03-03T00:00:00.000+01:00;3026,16;130;;
2023-03-04T00:00:00.000+01:00;3252,78;130;;
2023-03-05T00:00:00.000+01:00;3876,85;130;;
2023-03-06T00:00:00.000+01:00;4586,18;130;;
2023-03-07T00:00:00.000+01:00;4314,45;130;;
2023-03-08T00:00:00.000+01:00;3284,17;130;;
2023-03-09T00:00:00.000+01:00;2579,73;130;;
2023-03-10T00:00:00.000+01:00;1556,68;130;;
2023-03-11T00:00:00.000+01:00;1192,39;130;;
2023-03-12T00:00:00.000+01:00;1233,80;130;;
2023-03-13T00:00:00.000+01:00;1813,59;130;;
2023-03-14T00:00:00.000+01:00;2462,25;130;;
2023-03-15T00:00:00.000+01:00;1648,17;130;;
2023-03-16T00:00:00.000+01:00;1829,39;130;;
2023-03-17T00:00:00.000+01:00;2280,59;130;;
2023-03-18T00:00:00.000+01:00;3426,63;130;;
2023-03-19T00:00:00.000+01:00;2374,07;130;;
2023-03-20T00:00:00.000+01:00;2348,56;130;;
2023-03-21T00:00:00.000+01:00;1991,06;130;;
2023-03-22T00:00:00.000+01:00;2243,48;130;;
2023-03-23T00:00:00.000+01:00;2687,29;130;;
2023-03-24T00:00:00.000+01:00;2573,87;130;;
2023-03-25T00:00:00.000+01:00;2332,39;130;;
2023-03-26T00:00:00.000+01:00;2284,07;130;;
2023-03-27T01:00:00.000+02:00;2100,15;130;;
2023-03-28T01:00:00.000+02:00;2109,40;130;;
2023-03-29T01:00:00.000+02:00;2627,70;130;;
2023-03-30T01:00:00.000+02:00;5846,66;130;;
2023-03-31T01:00:00.000+02:00;7770,96;130;;
2023-04-01T01:00:00.000+02:00;6285,87;130;;
2023-04-02T01:00:00.000+02:00;1936,64;130;;
2023-04-03T01:00:00.000+02:00;1554,67;130;;
2023-04-04T01:00:00.000+02:00;1575,63;130;;
2023-04-05T01:00:00.000+02:00;2376,81;130;;
2023-04-06T01:00:00.000+02:00;2092,15;130;;
2023-04-07T01:00:00.000+02:00;2006,82;130;;
2023-04-08T01:00:00.000+02:00;1860,48;130;;
2023-04-09T01:00:00.000+02:00;2355,11;130;;
2023-04-10T01:00:00.000+02:00;2033,79;130;;
2023-04-11T01:00:00.000+02:00;2620,39;130;;
2023-04-12T01:00:00.000+02:00;2667,38;130;;
2023-04-13T01:00:00.000+02:00;2099,44;130;;
2023-04-14T01:00:00.000+02:00;2149,73;130;;
2023-04-15T01:00:00.000+02:00;2511,36;130;;
2023-04-16T01:00:00.000+02:00;2737,75;130;;
2023-04-17T01:00:00.000+02:00;2375,76;130;;
2023-04-18T01:00:00.000+02:00;2897,38;130;;
2023-04-19T01:00:00.000+02:00;3183,35;130;;
2023-04-20T01:00:00.000+02:00;3086,72;130;;
2023-04-21T01:00:00.000+02:00;2911,47;130;;
2023-04-22T01:00:00.000+02:00;3623,18;130;;
2023-04-23T01:00:00.000+02:00;2693,37;130;;
2023-04-24T01:00:00.000+02:00;1827,02;130;;
2023-04-25T01:00:00.000+02:00;1723,59;130;;
2023-04-26T01:00:00.000+02:00;1712,50;130;;
2023-04-27T01:00:00.000+02:00;2504,84;130;;
2023-04-28T01:00:00.000+02:00;2224,75;130;;
2023-04-29T01:00:00.000+02:00;3680,08;130;;
2023-04-30T01:00:00.000+02:00;4528,15;130;;
2023-05-01T01:00:00.000+02:00;6790,78;130;;
2023-05-02T01:00:00.000+02:00;4186,99;130;;
2023-05-03T01:00:00.000+02:00;3556,66;130;;
2023-05-04T01:00:00.000+02:00;3607,20;130;;
2023-05-05T01:00:00.000+02:00;5102,05;130;;
2023-05-06T01:00:00.000+02:00;4491,82;130;;
2023-05-07T01:00:00.000+02:00;4329,05;130;;
2023-05-08T01:00:00.000+02:00;5779,39;130;;
2023-05-09T01:00:00.000+02:00;3645,97;130;;
2023-05-10T01:00:00.000+02:00;4211,98;130;;
2023-05-11T01:00:00.000+02:00;6005,18;130;;
2023-05-12T01:00:00.000+02:00;5769,26;130;;
2023-05-13T01:00:00.000+02:00;5315,03;130;;
2023-05-14T01:00:00.000+02:00;6611,33;130;;
2023-05-15T01:00:00.000+02:00;7739,57;130;;
2023-05-16T01:00:00.000+02:00;5052,25;130;;
2023-05-17T01:00:00.000+02:00;5182,19;130;;
2023-05-18T01:00:00.000+02:00;5711,67;130;;
2023-05-19T01:00:00.000+02:00;6948,95;130;;
2023-05-20T01:00:00.000+02:00;6553,59;130;;
2023-05-21T01:00:00.000+02:00;6481,62;130;;
2023-05-22T01:00:00.000+02:00;8516,96;130;;
2023-05-23T01:00:00.000+02:00;8449,69;130;;
2023-05-24T01:00:00.000+02:00;9741,60;130;;
2023-05-25T01:00:00.000+02:00;9616,75;130;;
2023-05-26T01:00:00.000+02:00;7695,67;130;;
2023-05-27T01:00:00.000+02:00;8132,55;130;;
2023-05-28T01:00:00.000+02:00;9005,12;130;;
2023-05-29T01:00:00.000+02:00;8161,85;130;;
2023-05-30T01:00:00.000+02:00;8220,63;130;;
2023-05-31T01:00:00.000+02:00;7546,63;130;;
2023-06-01T01:00:00.000+02:00;7816,72;130;;
2023-06-02T01:00:00.000+02:00;7819,04;130;;
2023-06-03T01:00:00.000+02:00;8024,59;130;;
2023-06-04T01:00:00.000+02:00;8404,34;130;;
2023-06-05T01:00:00.000+02:00;8519,55;130;;
2023-06-06T01:00:00.000+02:00;8653,06;130;;
2023-06-07T01:00:00.000+02:00;8950,78;130;;
2023-06-08T01:00:00.000+02:00;9197,56;130;;
2023-06-09T01:00:00.000+02:00;9504,86;130;;
2023-06-10T01:00:00.000+02:00;10299,10;130;;
2023-06-11T01:00:00.000+02:00;10791,90;130;;
2023-06-12T01:00:00.000+02:00;11565,76;130;;
2023-06-13T01:00:00.000+02:00;11298,45;130;;
2023-06-14T01:00:00.000+02:00;10399,21;130;;
2023-06-15T01:00:00.000+02:00;8529,08;130;;
2023-06-16T01:00:00.000+02:00;6677,50;130;;
2023-06-17T01:00:00.000+02:00;5269,84;130;;
2023-06-18T01:00:00.000+02:00;4790,88;130;;
2023-06-19T01:00:00.000+02:00;4871,80;130;;
2023-06-20T01:00:00.000+02:00;4691,26;130;;
2023-06-21T01:00:00.000+02:00;4240,63;130;;
2023-06-22T01:00:00.000+02:00;4239,27;130;;
2023-06-23T01:00:00.000+02:00;4288,93;130;;
2023-06-24T01:00:00.000+02:00;4369,05;130;;
2023-06-25T01:00:00.000+02:00;4425,66;130;;
2023-06-26T01:00:00.000+02:00;4682,20;130;;
2023-06-27T01:00:00.000+02:00;4791,73;130;;
2023-06-28T01:00:00.000+02:00;4874,14;130;;
2023-06-29T01:00:00.000+02:00;4963,68;130;;
2023-06-30T01:00:00.000+02:00;5037,71;130;;
2023-07-01T01:00:00.000+02:00;5382,10;130;;
2023-07-02T01:00:00.000+02:00;5800,62;130;;
2023-07-03T01:00:00.000+02:00;6079,75;130;;
2023-07-04T01:00:00.000+02:00;6574,42;130;;
2023-07-05T01:00:00.000+02:00;6377,40;130;;
2023-07-06T01:00:00.000+02:00;5038,40;130;;
2023-07-07T01:00:00.000+02:00;3919,73;130;;
2023-07-08T01:00:00.000+02:00;3271,17;130;;
2023-07-09T01:00:00.000+02:00;3273,64;130;;
2023-07-10T01:00:00.000+02:00;3119,60;130;;
2023-07-11T01:00:00.000+02:00;2923,13;130;;
2023-07-12T01:00:00.000+02:00;3015,08;130;;
2023-07-13T01:00:00.000+02:00;3128,22;130;;
2023-07-14T01:00:00.000+02:00;3186,44;130;;
2023-07-15T01:00:00.000+02:00;3291,69;130;;
2023-07-16T01:00:00.000+02:00;3472,89;130;;
2023-07-17T01:00:00.000+02:00;3807,02;130;;
2023-07-18T01:00:00.000+02:00;4083,85;130;;
2023-07-19T01:00:00.000+02:00;3293,85;130;;
2023-07-20T01:00:00.000+02:00;3240,31;130;;
2023-07-21T01:00:00.000+02:00;3160,34;130;;
2023-07-22T01:00:00.000+02:00;3185,35;130;;
2023-07-23T01:00:00.000+02:00;3331,65;130;;
2023-07-24T01:00:00.000+02:00;3738,85;130;;
2023-07-25T01:00:00.000+02:00;3920,69;130;;
2023-07-26T01:00:00.000+02:00;4291,07;130;;
2023-07-27T01:00:00.000+02:00;4076,38;130;;
2023-07-28T01:00:00.000+02:00;4438,28;130;;
2023-07-29T01:00:00.000+02:00;4425,08;130;;
2023-07-30T01:00:00.000+02:00;4800,49;130;;
2023-07-31T01:00:00.000+02:00;4119,07;130;;
2023-08-01T01:00:00.000+02:00;3649,43;130;;
2023-08-02T01:00:00.000+02:00;3642,05;130;;
2023-08-03T01:00:00.000+02:00;3647,73;130;;
2023-08-04T01:00:00.000+02:00;3551,50;130;;
2023-08-05T01:00:00.000+02:00;3415,98;130;;
2023-08-06T01:00:00.000+02:00;3006,36;130;;
2023-08-07T01:00:00.000+02:00;2985,40;130;;
2023-08-08T01:00:00.000+02:00;2974,84;130;;
2023-08-09T01:00:00.000+02:00;3126,22;130;;
2023-08-10T01:00:00.000+02:00;2844,00;130;;
2023-08-11T01:00:00.000+02:00;2981,25;130;;
2023-08-12T01:00:00.000+02:00;2973,11;130;;
2023-08-13T01:00:00.000+02:00;3100,67;130;;
2023-08-14T01:00:00.000+02:00;3102,09;130;;
2023-08-15T01:00:00.000+02:00;3496,83;130;;
2023-08-16T01:00:00.000+02:00;3306,00;130;;
2023-08-17T01:00:00.000+02:00;3278,69;130;;
2023-08-18T01:00:00.000+02:00;3321,21;130;;
2023-08-19T01:00:00.000+02:00;3995,68;130;;
2023-08-20T01:00:00.000+02:00;4537,35;130;;
2023-08-21T01:00:00.000+02:00;4594,53;130;;
2023-08-22T01:00:00.000+02:00;4936,02;130;;
2023-08-23T01:00:00.000+02:00;4872,21;130;;
2023-08-24T01:00:00.000+02:00;4659,60;130;;
2023-08-25T01:00:00.000+02:00;5731,90;130;;
2023-08-26T01:00:00.000+02:00;5918,83;130;;
2023-08-27T01:00:00.000+02:00;5882,12;130;;
2023-08-28T01:00:00.000+02:00;6484,40;130;;
2023-08-29T01:00:00.000+02:00;5655,00;130;;
2023-08-30T01:00:00.000+02:00;4511,13;130;;
2023-08-31T01:00:00.000+02:00;4365,88;130;;
2024-04-16T01:00:00.000+02:00;;-1;;
2024-04-17T01:00:00.000+02:00;;-1;;
2024-04-18T01:00:00.000+02:00;;-1;;
2024-04-19T01:00:00.000+02:00;;-1;;
2024-04-20T01:00:00.000+02:00;;-1;;
2024-04-21T01:00:00.000+02:00;;-1;;
2024-04-22T01:00:00.000+02:00;;-1;;
2024-04-23T01:00:00.000+02:00;;-1;;
2024-04-24T01:00:00.000+02:00;;-1;;
2024-04-25T01:00:00.000+02:00;;-1;;
2024-04-26T01:00:00.000+02:00;;-1;;
2024-04-27T01:00:00.000+02:00;847,17;130;;
2024-04-28T01:00:00.000+02:00;697,33;130;;
2024-04-29T01:00:00.000+02:00;8064,07;130;;
2024-04-30T01:00:00.000+02:00;12511,51;130;;
2024-05-01T01:00:00.000+02:00;12851,89;130;;
2024-05-02T01:00:00.000+02:00;13222,77;130;;
2024-05-03T01:00:00.000+02:00;13145,17;130;;
2024-05-04T01:00:00.000+02:00;13317,52;130;;
2024-05-05T01:00:00.000+02:00;13642,41;130;;
2024-05-06T01:00:00.000+02:00;7407,12;130;;
2024-05-07T01:00:00.000+02:00;2817,76;130;;
2024-05-08T01:00:00.000+02:00;6247,73;130;;
2024-05-09T01:00:00.000+02:00;7101,48;130;;
2024-05-10T01:00:00.000+02:00;4708,94;130;;
2024-05-11T01:00:00.000+02:00;5191,18;130;;
2024-05-12T01:00:00.000+02:00;6864,29;130;;
2024-05-13T01:00:00.000+02:00;9101,32;130;;
2024-05-14T01:00:00.000+02:00;9608,18;130;;
2024-05-15T01:00:00.000+02:00;8926,23;130;;
2024-05-16T01:00:00.000+02:00;5463,08;130;;
2024-05-17T01:00:00.000+02:00;4503,04;130;;
2024-05-18T01:00:00.000+02:00;2903,89;130;;
2024-05-19T01:00:00.000+02:00;2282,21;130;;
2024-05-20T01:00:00.000+02:00;2391,39;130;;
2024-05-21T01:00:00.000+02:00;2573,28;130;;
2024-05-22T01:00:00.000+02:00;3330,33;130;;
2024-05-23T01:00:00.000+02:00;3533,24;130;;
2024-05-24T01:00:00.000+02:00;3633,84;130;;
2024-05-25T01:00:00.000+02:00;3625,04;130;;
2024-05-26T01:00:00.000+02:00;3626,41;130;;
2024-05-27T01:00:00.000+02:00;3656,08;130;;
2024-05-28T01:00:00.000+02:00;3684,12;130;;
2024-05-29T01:00:00.000+02:00;3822,22;130;;
2024-05-30T01:00:00.000+02:00;4054,28;130;;
2024-05-31T01:00:00.000+02:00;3866,76;130;;
2024-06-01T01:00:00.000+02:00;3755,84;130;;
2024-06-02T01:00:00.000+02:00;4003,27;130;;
2024-06-03T01:00:00.000+02:00;4172,08;130;;
2024-06-04T01:00:00.000+02:00;5025,88;130;;
2024-06-05T01:00:00.000+02:00;5889,54;130;;
2024-06-06T01:00:00.000+02:00;5872,78;130;;
2024-06-07T01:00:00.000+02:00;5020,32;130;;
2024-06-08T01:00:00.000+02:00;5624,03;130;;
2024-06-09T01:00:00.000+02:00;5713,67;130;;
2024-06-10T01:00:00.000+02:00;6019,47;130;;
2024-06-11T01:00:00.000+02:00;;-1;;
2024-06-12T01:00:00.000+02:00;5284,78;130;;
2024-06-13T01:00:00.000+02:00;5480,00;130;;
2024-06-14T01:00:00.000+02:00;5482,38;130;;
2024-06-15T01:00:00.000+02:00;6017,64;130;;
2024-06-16T01:00:00.000+02:00;5950,59;130;;
2024-06-17T01:00:00.000+02:00;5569,83;130;;
2024-06-18T01:00:00.000+02:00;5217,79;130;;
2024-06-19T01:00:00.000+02:00;4626,21;130;;
2024-06-20T01:00:00.000+02:00;4611,32;130;;
2024-06-21T01:00:00.000+02:00;4289,69;130;;
2024-06-22T01:00:00.000+02:00;4331,67;130;;
2024-06-23T01:00:00.000+02:00;4435,27;130;;
2024-06-24T01:00:00.000+02:00;4356,49;130;;
2024-06-25T01:00:00.000+02:00;4591,91;130;;
2024-06-26T01:00:00.000+02:00;4808,88;130;;
2024-06-27T01:00:00.000+02:00;5276,45;130;;
2024-06-28T01:00:00.000+02:00;5587,98;130;;
2024-06-29T01:00:00.000+02:00;6039,90;130;;
2024-06-30T01:00:00.000+02:00;6628,51;130;;
2024-07-01T01:00:00.000+02:00;7173,67;130;;
2024-07-02T01:00:00.000+02:00;7309,63;130;;
2024-07-03T01:00:00.000+02:00;6904,51;130;;
2024-07-04T01:00:00.000+02:00;6519,53;130;;
2024-07-05T01:00:00.000+02:00;6874,12;130;;
2024-07-06T01:00:00.000+02:00;7088,69;130;;
2024-07-07T01:00:00.000+02:00;7108,41;130;;
2024-07-08T01:00:00.000+02:00;6981,15;130;;
2024-07-09T01:00:00.000+02:00;;-1;;
2024-07-10T01:00:00.000+02:00;;-1;;
2024-07-11T01:00:00.000+02:00;;-1;;
2024-07-12T01:00:00.000+02:00;;-1;;
2024-07-13T01:00:00.000+02:00;;-1;;
2024-07-14T01:00:00.000+02:00;;-1;;
2024-07-15T01:00:00.000+02:00;;-1;;
2024-07-16T01:00:00.000+02:00;;-1;;
2024-07-17T01:00:00.000+02:00;;-1;;
2024-07-18T01:00:00.000+02:00;;-1;;
2024-07-19T01:00:00.000+02:00;6430,57;130;;
2024-07-20T01:00:00.000+02:00;8033,35;130;;
2024-07-21T01:00:00.000+02:00;8916,04;130;;
2024-07-22T01:00:00.000+02:00;7780,55;130;;
2024-07-23T01:00:00.000+02:00;8208,72;130;;
2024-07-24T01:00:00.000+02:00;7531,95;130;;
2024-07-25T01:00:00.000+02:00;11111,68;130;;
2024-07-26T01:00:00.000+02:00;;-1;;
2024-07-27T01:00:00.000+02:00;;-1;;
2024-07-28T01:00:00.000+02:00;;-1;;
2024-08-03T01:00:00.000+02:00;;-1;;
2024-08-04T01:00:00.000+02:00;;-1;;
2024-08-05T01:00:00.000+02:00;;-1;;
2024-08-06T01:00:00.000+02:00;;-1;;
2024-08-07T01:00:00.000+02:00;;-1;;
2024-08-08T01:00:00.000+02:00;;-1;;
2024-08-09T01:00:00.000+02:00;;-1;;
2024-08-10T01:00:00.000+02:00;;-1;;
2024-08-11T01:00:00.000+02:00;;-1;;
2024-08-12T01:00:00.000+02:00;;-1;;
2024-08-13T01:00:00.000+02:00;;-1;;
2024-08-14T01:00:00.000+02:00;;-1;;
2024-08-15T01:00:00.000+02:00;;-1;;
2024-08-16T01:00:00.000+02:00;;-1;;
2024-08-17T01:00:00.000+02:00;;-1;;
2024-08-18T01:00:00.000+02:00;;-1;;
2024-08-19T01:00:00.000+02:00;;-1;;
2024-08-20T01:00:00.000+02:00;;-1;;
2024-08-21T01:00:00.000+02:00;;-1;;
2024-08-22T01:00:00.000+02:00;;-1;;
2024-08-23T01:00:00.000+02:00;;-1;;
2024-08-24T01:00:00.000+02:00;;-1;;
2024-08-25T01:00:00.000+02:00;;-1;;
2024-08-26T01:00:00.000+02:00;;-1;;
2024-08-27T01:00:00.000+02:00;;-1;;
2024-08-28T01:00:00.000+02:00;;-1;;
2024-08-29T01:00:00.000+02:00;;-1;;
2024-08-30T01:00:00.000+02:00;;-1;;
2024-08-31T01:00:00.000+02:00;;-1;;
2024-09-01T01:00:00.000+02:00;;-1;;
2024-09-02T01:00:00.000+02:00;;-1;;
2024-09-03T01:00:00.000+02:00;;-1;;
2024-09-04T01:00:00.000+02:00;;-1;;
2024-09-05T01:00:00.000+02:00;;-1;;
2024-09-06T01:00:00.000+02:00;2728,05;130;;
2024-09-07T01:00:00.000+02:00;2417,69;130;;
2024-09-08T01:00:00.000+02:00;2262,84;130;;
2024-09-09T01:00:00.000+02:00;2378,19;130;;
2024-09-10T01:00:00.000+02:00;2387,74;130;;
2024-09-11T01:00:00.000+02:00;2082,73;130;;
2024-09-12T01:00:00.000+02:00;1996,22;130;;
2024-09-13T01:00:00.000+02:00;1876,15;130;;
2024-09-14T01:00:00.000+02:00;1796,03;130;;
2024-09-15T01:00:00.000+02:00;1740,40;130;;
2024-09-16T01:00:00.000+02:00;1735,83;130;;
2024-09-17T01:00:00.000+02:00;1735,26;130;;
2024-09-18T01:00:00.000+02:00;1880,23;130;;
2024-09-19T01:00:00.000+02:00;1971,78;130;;
2024-09-20T01:00:00.000+02:00;1965,21;130;;
2024-09-21T01:00:00.000+02:00;1984,87;130;;
2024-09-22T01:00:00.000+02:00;1949,94;130;;
2024-09-23T01:00:00.000+02:00;1922,24;130;;
2024-09-24T01:00:00.000+02:00;1948,03;130;;
2024-09-25T01:00:00.000+02:00;2184,47;130;;
2024-09-26T01:00:00.000+02:00;2267,30;130;;
2024-09-27T01:00:00.000+02:00;2340,99;130;;
2024-09-28T01:00:00.000+02:00;2575,46;130;;
2024-09-29T01:00:00.000+02:00;2342,46;130;;
2024-09-30T01:00:00.000+02:00;2125,60;130;;
2024-10-01T01:00:00.000+02:00;2228,73;130;;
2024-10-02T01:00:00.000+02:00;2186,41;130;;
2024-10-03T01:00:00.000+02:00;2213,10;130;;
2024-10-04T01:00:00.000+02:00;2227,17;130;;
2024-10-05T01:00:00.000+02:00;2240,13;130;;
2024-10-06T01:00:00.000+02:00;2269,45;130;;
2024-10-07T01:00:00.000+02:00;2490,29;130;;
2024-10-08T01:00:00.000+02:00;2513,43;130;;
2024-10-09T01:00:00.000+02:00;2467,55;130;;
2024-10-10T01:00:00.000+02:00;2600,22;130;;
2024-10-11T01:00:00.000+02:00;2541,68;130;;
2024-10-12T01:00:00.000+02:00;2550,00;130;;
2024-10-13T01:00:00.000+02:00;2907,28;130;;
2024-10-14T01:00:00.000+02:00;2457,27;130;;
2024-10-15T01:00:00.000+02:00;2676,26;130;;
2024-10-16T01:00:00.000+02:00;1870,97;130;;
2024-10-17T01:00:00.000+02:00;1896,56;130;;
2024-10-18T01:00:00.000+02:00;2008,02;130;;
2024-10-19T01:00:00.000+02:00;2074,33;130;;
2024-10-20T01:00:00.000+02:00;2261,56;130;;
2024-10-21T01:00:00.000+02:00;2329,46;130;;
2024-10-22T01:00:00.000+02:00;1906,99;130;;
2024-10-23T01:00:00.000+02:00;2460,60;130;;
2024-10-24T01:00:00.000+02:00;2621,58;130;;
2024-10-25T01:00:00.000+02:00;2645,31;130;;
2024-10-26T01:00:00.000+02:00;2606,25;130;;
2024-10-27T01:00:00.000+02:00;2522,73;130;;
2024-10-28T00:00:00.000+01:00;2918,58;130;;
2024-10-29T00:00:00.000+01:00;2774,49;130;;
2024-10-30T00:00:00.000+01:00;2889,15;130;;
2024-10-31T00:00:00.000+01:00;3108,72;130;;
2024-11-01T00:00:00.000+01:00;2849,23;130;;
2024-11-02T00:00:00.000+01:00;2139,65;130;;
2024-11-03T00:00:00.000+01:00;2161,13;130;;
2024-11-04T00:00:00.000+01:00;2271,21;130;;
2024-11-05T00:00:00.000+01:00;2178,63;130;;
2024-11-06T00:00:00.000+01:00;2215,49;130;;
2024-11-07T00:00:00.000+01:00;2276,85;130;;
2024-11-08T00:00:00.000+01:00;2319,44;130;;
2024-11-09T00:00:00.000+01:00;2489,16;130;;
2024-11-10T00:00:00.000+01:00;2499,44;130;;
2024-11-11T00:00:00.000+01:00;2703,40;130;;
2024-11-12T00:00:00.000+01:00;2784,83;130;;
2024-11-13T00:00:00.000+01:00;2858,33;130;;
2024-11-14T00:00:00.000+01:00;2813,24;130;;
2024-11-15T00:00:00.000+01:00;2613,67;130;;
2024-11-16T00:00:00.000+01:00;2701,92;130;;
2024-11-17T00:00:00.000+01:00;2980,94;130;;
2024-11-18T00:00:00.000+01:00;3047,70;130;;
2024-11-19T00:00:00.000+01:00;3304,75;130;;
2024-11-20T00:00:00.000+01:00;3357,38;130;;
2024-11-21T00:00:00.000+01:00;2148,34;180;;
2024-11-22T00:00:00.000+01:00;1865,04;130;;
2024-11-23T00:00:00.000+01:00;1496,72;190;;
2024-11-24T00:00:00.000+01:00;1770,07;130;;
2024-11-25T00:00:00.000+01:00;1977,67;130;;
2024-11-26T00:00:00.000+01:00;1729,23;130;;
2024-11-27T00:00:00.000+01:00;1639,83;130;;
2024-11-28T00:00:00.000+01:00;1532,98;190;;
2024-11-29T00:00:00.000+01:00;899,87;190;;
2024-11-30T00:00:00.000+01:00;1035,55;190;;
2024-12-01T00:00:00.000+01:00;684,10;190;;
2024-12-02T00:00:00.000+01:00;1393,23;130;;
2024-12-03T00:00:00.000+01:00;1390,69;190;;
2024-12-04T00:00:00.000+01:00;1738,42;130;;
2024-12-05T00:00:00.000+01:00;1688,10;130;;
2024-12-06T00:00:00.000+01:00;1943,86;130;;
2024-12-07T00:00:00.000+01:00;1548,94;130;;
2024-12-08T00:00:00.000+01:00;1471,58;130;;
2024-12-09T00:00:00.000+01:00;1064,98;130;;
2024-12-10T00:00:00.000+01:00;1050,92;130;;
2024-12-11T00:00:00.000+01:00;1163,83;130;;
2024-12-12T00:00:00.000+01:00;1294,84;130;;
2024-12-13T00:00:00.000+01:00;1316,29;130;;
2024-12-14T00:00:00.000+01:00;1210,41;130;;
2024-12-15T00:00:00.000+01:00;1666,70;130;;
2024-12-16T00:00:00.000+01:00;1774,52;130;;
2024-12-17T00:00:00.000+01:00;1776,99;130;;
2024-12-18T00:00:00.000+01:00;1863,74;130;;
2024-12-19T00:00:00.000+01:00;2228,36;130;;
2024-12-20T00:00:00.000+01:00;2100,83;130;;
2024-12-21T00:00:00.000+01:00;1718,30;130;;
2024-12-22T00:00:00.000+01:00;1986,64;130;;
2024-12-23T00:00:00.000+01:00;1941,01;130;;
2024-12-24T00:00:00.000+01:00;1538,19;130;;
2024-12-25T00:00:00.000+01:00;1722,32;130;;
2024-12-26T00:00:00.000+01:00;1672,85;130;;
2024-12-27T00:00:00.000+01:00;1724,92;130;;
2024-12-28T00:00:00.000+01:00;1796,27;130;;
2024-12-29T00:00:00.000+01:00;1970,75;130;;
2024-12-30T00:00:00.000+01:00;1961,96;130;;
2024-12-31T00:00:00.000+01:00;1914,56;130;;
2025-01-01T00:00:00.000+01:00;1964,13;130;;
2025-01-02T00:00:00.000+01:00;1791,40;130;;
2025-01-03T00:00:00.000+01:00;1208,73;130;;
2025-01-04T00:00:00.000+01:00;1009,60;130;;
2025-01-05T00:00:00.000+01:00;1100,44;130;;
2025-01-06T00:00:00.000+01:00;1111,62;130;;
2025-01-07T00:00:00.000+01:00;987,45;130;;
2025-01-08T00:00:00.000+01:00;786,42;130;;
2025-01-09T00:00:00.000+01:00;830,67;130;;
2025-01-10T00:00:00.000+01:00;864,67;130;;
2025-01-11T00:00:00.000+01:00;971,46;130;;
2025-01-12T00:00:00.000+01:00;1101,21;130;;